business_id,number_visits
---kPU91CF4Lq2-WlRu9Lw,11
--0iUa4sNDFiZFrAdIWhZQ,10
--30_8IhuyMHbSOcNWd6DQ,2
--7PUidqRWpRSpXebiyxTg,10
--7jw19RH9JKXgFohspgQw,26
--8IbOsAAxjKRoYsBFL-PA,32
--9osgUCSDUWUkoTLdvYhQ,24
--ARBQr1WMsTWiwOKOj-FQ,34
--FWWsIwxRwuw9vIMImcQg,7
--FcbSxK1AoEtEAxOgBaCw,82
--LC8cIrALInl2vyo701tg,7
--MbOh2O1pATkXa7xbU6LA,103
--N9yp3ZWqQIm7DqKRvorg,7
--O3ip9NpXTKD4oBS1pY2A,456
--OS_I7dnABrXvRCCuWOGQ,1
--S43ruInmIsGrnnkmavRw,309
--SJXpAa0E-GCp2smaHf0A,45
--Sd93OFWITqDHifMoAy9g,48
--ZVrH2X2QXBFdCilbirsw,67
--ZWv8kGlM2YL58uKhGJDg,13
--_9CAxgfXZmoFdNIRrhHA,136
--_lZuj_WCGnDG6n0emlRg,30
--a_r_w1HTsOY-fagPeNKg,43
--eBbs3HpZYIym5pEw8Qdw,28
--epgcb7xHGuJ-4PUeSLAw,118
--gJkxbsiSIwsQKbiwm_Ng,13
--hF_3v1JmU9nlu4zfXJ8Q,7
--lqIzK-ZVTtgwiQM63XgQ,21
--onnLZrsCazmcy2P_7fcw,53
--pDYWb4DzqKdAdrPcxuaA,35
--qLiYw2ErSmvVwumb2kdw,3
--rS-rnOIZxoiDA8yctWpQ,14
--sXnWH9Xm6_NvIjyuA99w,970
--seHXaJfDtWbmFSxkzaRg,2
--sgBOzb76sjOQ-Xhdjffw,3
--vx2CCaG3wOSoTnRG-rig,3
--x_BmZbxzK_nx_GHBaRVw,24
--zb12mw2YK-7j6UaHzm8w,1
-02xFuruu85XmDn2xiynJw,38
-06OYKiIzxsdymBMDAKZug,6
-06ngMH_Ejkm_6HQBYxB7g,4
-09Oc2D14vRnmirPh0vlXw,500
-0E708CsutslDLUuuzWGYQ,7
-0E7laYjwZxEAQPhFJXxow,5
-0EdehHjIQc0DtYU8QcAig,14
-0FX23yAacC4bbLaGPvyxw,63
-0G_6-KFGpCpxTUlVXCMYQ,438
-0H_3r6z2giieA6oSTUFKQ,4
-0M0b-XhtFagyLmsBtOe8w,57
-0PN_KFPtbnLQZEeb23XiA,15
-0TffRSXXIlBYVbb5AwfTg,1495
-0Ym1Wg3bXd_TDz8JtvOQg,104
-0YvX6VK5S0u_hbQFYq10g,6
-0__F9fnKt8uioCKztF5Ww,94
-0dKgi_Hpcis921nOpM85Q,28
-0eUa8TsXFFy0FCxHYmrjg,33
-0epFLgYq2C1Jo_W4FOBKw,21
-0fOUV_llBAPMo7exZFHPA,5
-0fvhILrC9UsQ6gLNpZlTQ,8
-0gRYq5UjMtZbELj0KHxzA,291
-0gWtMKg8_iV6vC5wRFDiA,58
-0hxpkIpBh2T0tvdM1mSIw,45
-0i2KNr7WrCsDF5m0IViJg,82
-0iIxySkp97WNlwK66OGWg,449
-0jK77zdE3-plqXuwXtilQ,37
-0jzoPt3UeXn6FUXVQvyPg,130
-0kH3RmIVq-OhpuWAuU59w,60
-0ltw8--HLuulPyOSspqAQ,15
-0m4IwD1FIOqkA8dh4mVfQ,29
-0oPt7sSKtJG1ysLwV_E9g,33
-0qOecqGXEf_6TwaiX9E5A,35
-0x-MbRbsi9YoPxB873qcw,5
-0yr__Vo4hOCZwvzRWd1zA,12
-1-8eimDEnS9fezJNZkQkQ,2
-12_gQ7NRcMWSRs97mRQdw,4
-16EH6b1ho0xQqP0Bzm9Mg,24
-18_wKpOm836Z6snHOm9KQ,1
-1B9pP_CrRBJYPICE5WbRA,3552
-1Bvqy9wtFDyUB8GuDqQQw,16
-1DxQ1CxSc_JCxzKm9bglg,33
-1EGqUQFBmGEp76CE-Zk4Q,34
-1HV4mcg_qK_crhySfBycQ,232
-1K1J_D9eT2dR6BNvQ2Tnw,35
-1MhPXk1FglglUAmuPLIGg,523
-1OSMXiFyvq6VW4Y7UpjvQ,46
-1PG6k_iezwJmRZLB7f6og,124
-1PvWminK3Er7fqpTjk19A,5
-1VF4NdEN07IB8nePQbAqQ,11
-1WM2044r3jVZC6oQ2QeVA,22
-1XSzguS6XLN-V6MVZMg2A,441
-1YvpVvnnLrTZ0zjtUYPXA,38
-1b2kNOowsPrPpBOK4lNkQ,10
-1b7CQbbl_3uotcTsxhHsw,9
-1dARtemb2Gy7XlftvtNXQ,2
-1g8Qb6t_mSX_ak1thMmrQ,1
-1hvq_mL4GSEwKE7z8xYug,15
-1iLbEf1NwY-OJp5Hg-3Sg,2
-1m7-ZxGRVRdKa4tFB4eDg,87
-1owBLC2h6DF5n_j77oq3g,1
-1oygVebK81K8JEPI6H6Lw,142
-1q9ktAQXpgFSNrst7tzag,80
-1ueCbvIpUPi8KT95ETTKw,385
-1w9JMktu9oWTXwNqtZQoA,4
-1wnOZFsvsJPEXh_hWcmMA,3
-1yftDfgOUlxe_IACM5PFg,87
-1ygry5D2oOt_vch4rjMuA,3
-1yt2mk60wWuQz9hPVKZCA,16
-1zRvh3yjKAa2eYggRKbuw,151
-1ze-oWDnrGAzvAg56QXUA,1
-2-ih3mE8KPyeKVIzpBfPQ,175
-24TYSeA5yK8oH7hfJkZ0g,362
-26oP1-VaPjz7Ed-Lvd7uA,16
-2Axhv9AZ_n7qjQefECpVw,12
-2BDt9OdGiBONysWCdKgNg,44
-2CPhK6ik9ZBgFX_F-dkxQ,7
-2EjCEt-F3UP5mGf-k-u9Q,54
-2HaAaQODTx0sr2srL553Q,8
-2ITCGoCJBeCgt-oWyw6Lw,38
-2KK9cqa26KZ1xrfOm9A7w,9
-2PzCCRmUICl0lTrF8ih8w,9
-2Rr5lt1yC5o-Lo3SAIFNQ,4
-2Tm0VU-tcatBp-SCZsuZg,12
-2UbmgSYMlg88sU7cUWGAQ,4
-2VYztMXVorktljCdQNPmQ,168
-2WAq2pOLnc4__lPy6kvoQ,11
-2XADB6qHuwPCZm3_01BMg,6
-2YMhP8_C663edoASI8X4A,5
-2YZIUArmrIMVVBi8CT47w,134
-2aGyAUenQEZWAtNUnMHzg,307
-2bLM6nIETD4Mk-rhjIYZQ,19
-2b_gje4mdlWNdwUQDJTXA,46
-2dvQxx3cYXd5XmFdDDsDA,38
-2gDGXUYPigcPbMIDg2eTg,7
-2gmbMDzKgYZ_8DOnJtPyw,21
-2j8XqQL68DPqYiafH9JXg,1
-2jMDMFbmR3JVD-vJUk3Aw,1
-2kVXSZJsZCi3edaIU4AkA,62
-2ke_JDOpgTZWqirMFjZcw,61
-2mctVTqFR5-DDCXKvMNPA,36
-2n5fuaYO2TeuMR0Ey6Zmw,17
-2oyyfOSHs1UElr3Dc1aKQ,14
-2slH9PUjJ9YK16b0hGxWg,118
-2vEnMoexef2-rWy-FMWvw,54
-2vZHP5Ej9FroxJo8qYJXA,4
-2wQyRfXPZ6CGYUo9BxuYg,1
-2wh7NTLkWEgsrLJvilnFQ,36
-2xzyHY8uWnLmyQkkfwMuQ,27
-3-6BB10tIWNKGEF0Es2BA,248
-32hOCwsuKd04WO-HQyYFg,118
-34c4hcDPIInTROr8Xtxtw,41
-361Hc0tlxSYdrH_C3OgzA,110
-3725FZiIIYdwQtM4MKEIA,2
-3AooxIkg38UyUdlz5oXdw,516
-3ArWZfDjfab8qVHf3WVtg,7
-3GD07waps96fB_okEwFqw,38
-3GcUoawZjkX1Zq7zJhe_A,45
-3IOd5YntpkbK6RwT3HYtA,120
-3JFWNwRzoZyncPHyc6p2Q,2
-3LGekWQ5iHMQO1a9_DDbw,13
-3Mc8R5c23FxrxlJn3ivww,255
-3RAlmeDN3H0Qkv8flguwg,9
-3Xl8nSBSjaPpftsSNyrgg,7
-3YTjk_J0pmtcnaqrI-tAA,45
-3dkEoYgH8AlUtBMZvzUfg,149
-3e1QV2EBGgnvO-JiQaKfg,46
-3e3CP3FFc-rvJj_-_airw,594
-3hzdvAPJKolEru6xywWyg,32
-3k7-21VyAT9dfuvIuzz_w,24
-3kTgLg2lUr2PBaokvcnmQ,5
-3m_nXlyvdKAVNNmVirpGQ,5
-3trysUGJcygCRYpx8TIpA,22
-3vApQP60bigh7FGBZCQng,7
-3w58iNJL_sZuT0Ozpz0yQ,16
-3xX_IfttKjPJ792BOBJ-Q,519
-3yc7i3bvTHv1Zig2rXrSg,14
-40qQXB8JsneSiDqXMjoeg,9
-42jRI5dhpbubYReeXPK2A,41
-44U8OogWPPQk9NA6NZDqw,10
-45_EStChJEWNJW_F83Yxw,3
-46lOITML86TZkk2fErq6A,576
-49YlJ2GGzgmQ71FX9gGyg,16
-4BvvVmFUNuUBQEL_3-zwA,4
-4E0hSCldRJZLI-1cT38Sw,63
-4G38D90ZA4cmU95nRIjLQ,1
-4HMjEGQgduIMMTe0WPQBA,573
-4HTX6yWNuRJusCTezaUnQ,20
-4I0u12gYWIToYmdeyxpeQ,58
-4IoP43clvfZPjRlXu2LLA,45
-4Iyrz-VY4a8eHpe_aiBaw,2
-4J6iW94f7qhnwmp4Z9bdg,20
-4N4YEobjG89VQsEgqZshg,3
-4Oq1x-gU3nehb8ETuwRvQ,65
-4UMCvj8E1PYseKhNfdoug,1
-4UxcA0lUfURC-4pNsPRcg,1
-4VQum5gCgEfSZcFycmAHw,5
-4VeLIjYt2nTqekzb9AFGw,3
-4VqKKSV3cT9Mjs7HYxMOw,7
-4YFpu0_j69JJ6tXIwVLQw,79
-4bCujgnMeYCu5RSmy0xPQ,5
-4dYswJy7SPcbcERvitmIg,183
-4gHyiiX6NKNqQ0DO8QhwQ,47
-4jxTEaNONDDsC0Xzzp1UQ,148
-4mDMBfT6N0d-VIUTKVaLg,471
-4qgeqxb2hKe3dUUH__j8Q,366
-4sfzbT4ok5gSzqsng3jig,2
-4wykApCGL78JzWYICOQzw,39
-4x3pVUUsfWmKEilWKsOZQ,91
-4yNkadymIchAHauib7aog,3
-4zs319riVyTXS9TkvGFHQ,5
-4zwfrKm21Rf89pTJRhG9w,13
-53z4kzdbB9F4kPQqmQjyg,2
-54atFVRfQrMja7avLXSQw,5
-5DcSecinHF2snC4eLv8WA,164
-5HAZGNFs5-MkwT1iwROkQ,1
-5JHievRko1tWNED4IdeDQ,56
-5LzSdkohuiRPOLi0GGCJQ,7
-5Rah4ZvWsDu4oilUZxhtw,1300
-5SVdM5aY3rjGsQuiFAYjQ,160
-5UQGwUZWUhPi5pJlcwEYA,648
-5Xfp4_pojZjGgOevX4iiw,23
-5aEZS_W261Dc8-Hzw5OOA,10
-5fXJjU1oeWnCHW5MPOuxg,46
-5ink0kIoVfuS5Zi_6QBnQ,70
-5iuX3tPbwH5LpoWN9QhMQ,49
-5ivHc7R7F_fHxTtxGvlgA,30
-5jHKFePOVSVyrbh13DHnw,1
-5jh7Rgm_jP2SclLrZG80A,27
-5jrKrVFNFBuT6OKHme7WQ,8
-5jrwZnndGs9q3akdkJYJA,60
-5ktM-ceWcU7fU9op35rpg,5
-5lDiH8QCNr-MEc_o5XzLQ,130
-5psHqEISccHDdHaWF2-6Q,36
-5uzjjKUA-kt81j605d5Jg,372
-63k_0GxwhakB6vY7eNVYg,145
-63ytt5vkWof-M9NDGTkng,15
-66jJ8Hl0vLV5PMxySNbXA,33
-6AjXJIUlbGSUohUzg9-iA,3
-6E_cla4lotruNasIsCkxQ,20
-6IYoO1HinZdQOHIsR_s6Q,96
-6JdVK-DHB4_43PEksbg1A,555
-6KL5N_AdaZnw3W1HHtEtA,3
-6L7ckMsebhvS_nk4wjhIA,44
-6L_z3ftD1iepJb0FfJghw,65
-6MEKOmFu6jckT3pruSxHg,233
-6OjnX3ZdDOhHxWR60wysg,425
-6RKk3sSh-PWB8VBfy4KnQ,5
-6TttC-1-rf5gC0QHWrs_w,73
-6bmADDPKp0HrT2wqAMjQw,2
-6bmqSTgHUAJ2QTAn4tciQ,11
-6bu2SPTnFfgpk9ReLWmXw,2
-6eBL83GDj45MpRmiMN-FQ,6
-6eomXaFuOSKPsUbk2A3xQ,76
-6jVwUuXC1-dyr2YRCEU6Q,276
-6jvfSJGprbfBD2QrS9zQw,68
-6jzxuJfK40kKNh9bZ4lfg,2
-6kIZWnXPuDC6JiQJ-A1fg,503
-6kNhGurAbdNQanqbAaoMg,80
-6mXhSbA_u1ofHiaNnplEQ,9
-6nQZ-QCkAyNHdtaxOxDpQ,184
-6nqH2tdNHQdqb8LvILlBw,172
-6osFx4NgFRHJ5NXqpHV6g,119
-6qt8a52bBwMogqwZsooOA,10
-6vtoe3VFedMGouTFnlnDQ,10
-6xTyv4rDlroQJBoww7y1w,12
-6xYpkvG91ClVz31JjhJCA,12
-7-VQmEgowG9o8u9qMv_aw,1
-70_fKY04n-BJbItDIclVg,1
-70gmot_C918Aw_1_l5yeg,7
-75oKRpwa1VEHOLXBFJ2Cw,8
-788YqeAedOZseDJOo7kfQ,18
-78Va3llKcPbL6SW4is8lw,70
-7AGjO0qnOld_GZK9dNNkQ,248
-7BCcSWikq0TAyViUFTUIQ,18
-7CYsFW13luajJHsl73bkg,1
-7CqBmK0zxwyjEqa3LBVSw,92
-7DvdvlUs5fHfSITPbvjgg,20
-7EkoApGOHg7_IpPIsGUIg,1
-7GDqSUaXrpC8Ql7nDBxWA,76
-7GjicSH_rM8JeZGCXGcUg,242
-7JjlPR9OiU_bAYXdi-Vbg,3
-7KAng29RoHr87mvOFbK9w,27
-7KnD-G4ZYi7-Xs4ZJAYWQ,178
-7KyK-QIAjFicDhpifwbPw,17
-7QQMtX29fF6Lkf7lW-KDA,19
-7Rx5jVeQmlVoAU_oXrzew,16
-7SlRxSWoLDB5YaYlcNpSg,12
-7TLTTVEq-huVr_SyCPywg,3
-7UDKbg_8TL4LVuYR6Ooyw,32
-7X-bU-zaD_h6k6FOyve6Q,9
-7ZTpN4KmfWotnu4rVV-FA,5
-7_R1BNUukbvb97OMNmxnA,191
-7_Wl2UGiuA7I5Lh0lzdRg,9
-7aDp7JsogemWTKOuZdNTw,113
-7cNgs6N105MDlLjOudObg,28
-7ezd9LpmVkow-eSUHIG9A,17
-7flYoBLv8jVcFZx7onsSg,68
-7iiapq3BMer7eW-NRXd2w,14
-7kN5J6yiT3sZbsiDHquPA,2
-7oegtOMeB8Cr5gWZUe50A,4
-7pCvqW8TFs9nBEwlwqNcQ,11
-7q7v1jepdduhzJZjpB91A,60
-7qO7OvcQS7t6v6uHxDAxw,25
-7sP9Iyk6XfXRawkcmwEng,13
-7wXZWnKe26iwJY_5z_AAw,41
-7zjvc_b1pX4TtM1q98aKw,4
-8-8mbxQEpZx8Zs_nrzljA,3
-81BXpO5Fuk-RqCabS7LMw,390
-82x1eWBVWsPhNd1JGQdnA,3
-84DrMt8DHK8S5dyvZg7tQ,8
-8562lttAp_PuLWpQXDdhA,40
-85Q5Uf_61afGuBERTY_pg,155
-85kJMtb9wqNWDT8yLbitw,397
-86Z04IBKxhEQ17rCOkn8g,15
-86lWqykjlPF2MBrHRFcCw,1
-8B29WNRCyg4jViK4ChKlQ,5
-8NGFqFrlOmWawr827tZNg,742
-8QRV-C80eFO6m058-PK4A,103
-8TVh4eZmbVV2N7GQUczjA,2
-8VorrmybR_HLw9T2ecr7Q,15
-8VpP01AKfnt4wpT-8vgnQ,330
-8_ufROuDzIWxFAny4FasQ,7
-8dM09lp35K28Qn8oaZPdA,1
-8eEiP4nYZAifQH46OGf4A,52
-8gGD85_jZvapnmb3EvU3w,42
-8i0zI-qgc0lSWEYqOk72g,4
-8iATYRnN46Km0_-ldx6cg,448
-8iCLoNY2Q52qWdGSZoDmQ,22
-8iiwnBs4yu4s1yLkWzU9Q,143
-8jIGHKz1-Tnv2X85kxbvQ,23
-8k9XXq_rfeq47JnRlBD4Q,1
-8lppXgxF5o0_F0cu-dXRA,65
-8luB5pJ7d9UOoiF7wikkw,696
-8oIIpYJAXWg-G3glapMmQ,376
-8tgRo69d_3WC-s1Rk2DUw,12
-8uatt4iWxUproNMOd1srw,38
-8wGpH3gYkwHKLcpc78CcA,88
-8wbH-eTreeURPGDJZu1OQ,5
-8wxCs5UMpo5vkutnwHmbA,4
-8xqG21DUzav7yIp5lS6jw,30
-8z1z-kYVvFFT4HUVSV-lA,27
-97632CUoOkJ8x4AlkPJxQ,2
-981bIUN3Qt27CVwN46h1Q,109
-99CauTgdResVER5NvRTfw,9
-99aS7t1izJrDtgSUyvoxg,12
-9CvbWc-vPYsoioAgZii4Q,23
-9Kxik9BRNkft5rPcVvSsw,284
-9NmUeTphyS9Lq1o9MACGw,2525
-9Q5Z8H1-Z1ZcO7L4nWwHw,35
-9QWlFM3KH0DBS1wiHZJXA,18
-9RA-XPA9K3uz5TCf8XLZQ,10
-9WXuHHFaFx5yGjkO67pDQ,8
-9ZNA22YhFlvTdLDYjvNdA,1597
-9ZRs13H1dM5a6lgv0iRdA,2
-9_F6sRmPdlbQ2n6n1whAg,14
-9_jMKS_-tk8mDd340CjTA,3
-9h2RsUE0-KEvfxyHcsWHQ,2
-9i8lr1vxnoYrV_cmFkraQ,9
-9iuQyJy5ABOsyRd8nCy7w,11
-9kg8ne9Nmw_6BbFqurAxA,54
-9lL4yFBX_7XVqUr8cwytg,174
-9n0NDe_pP1ZnrWr-lsDXQ,17
-9r8nAzWyRSLxBWt8uQOdA,1062
-9rRsa_9GTkSYkPdKa7T8A,279
-9rlT26zg4gTp2WBP3Yu4Q,53
-9sGD5Fi-DVwR6BsBAtu0w,2
-9u2TuWejgRDt-u-j1_bOQ,3
-9w_8PChjtA42yGN4yoDRw,269
-9yzQQ0d_rcOD2CzdTNO_Q,54
-9zDI4h2dE3hFOpGFHB10Q,14
-A-5spZpPMjujSnG-Oag7w,19
-A-_4uZO5f8dRoChKhqobg,40
-A0yoO3geGTdQsCvafBHpA,7
-A10ZTqT4X49cneKlxXTcw,1459
-A2OLubXDsMRPNN7LqohPA,258
-A5MmVqvwTjGjgYzZBbqIw,41
-A64OWEh5bDXvzbkN4cFfg,4
-A7I5CQcKkxH_CUyG3PVQA,7
-AAODDlBwYz3Hcc5NpdN2Q,6
-ALqLSTzkGDMscHdxA1NgA,78
-AMPRbkJZJcyIH_IuEreDg,1
-AMeu_LMyFPTsa94IwvS4w,47
-AOtXkmNAMtx-Y2Kx0CiFA,3
-AQyGGLrejN1uLaJM-a6mQ,28
-ATiAtTikuGuqvaW2O6tNA,1257
-AWclhh1_2VnqPylPgBU3g,213
-AYNJCQci8Tn0y0B_z1PAQ,2
-AanHawaDlzWHQjrqRRWig,160
-AaxZJ_I4rSFOBJbBz4SlQ,2138
-Ac9pMylK3ZdZQ0jtO6bVQ,28
-AdaSS3N7OsgnBGqh5EMQg,10
-AgYybTLhispcYcoIV7E9A,65
-Ah-gbZpa-IiQVIrhKRhhA,196
-Ah16__ceG91aXtrbkhkxQ,18
-AhpS4MUSdYWg8SwZpV6eA,38
-AjSXsdPtBhWl0kY1-QsoA,62
-AnhOOC-KXKNUT-ksYY9sw,7
-AvUCI3vOj4gww3s21WsDg,2
-AwHpMr4p141Uw1ogOO9FA,5
-Awb67JgBbySP4mQtOtNsA,36
-AxGGm4yvhedkmN1glW1Xw,2
-AyTHdUwHI-u5vAuXhUpPw,85
-AzaeuPwxqFO4SMSKjbuCw,1
-B5LbC_57Vhu7wB3hcFZTw,25
-B6XL-ZWsVHlAQyYcd3eEg,452
-B6fyJ8PoAMr_mH5VGaPjA,37
-B7E8MFb47FoGcp25lXgxw,756
-B7m-EJ8Moe6pSqMEqAVEA,4
-BAbmwcDsIfiYVNizbjSnw,1
-BB9Xn-ak_23FxVEWI5Y8w,2
-BDSQ7COGF0tcbWJRkTIZw,16
-BFrwPGCH-22kRPvFrFk4Q,43
-BH9haqiUB4AHw2pw2u51w,1
-BHSeNtP6CoErp30iGDxPg,12
-BK7x9C7xtBoriluTz6lEg,4
-BKUma4mz8uqH30nfOUiyQ,7
-BLKZfw-FX7602K59OpBgg,15
-BLVl824WRLFIm_uiHmkbA,184
-BPvsLwU9XqGRD275rEpsw,37
-BWNwPx6dtSRXXqFnCgO5Q,22
-B_2jHrwV2nWNqdoWtBC8A,470
-Bd4I7Zy12CRq-eGHk_T9w,60
-BdYhP-12elmFV7oB1iv4A,25
-BhSR6dAry5-2x3ndjX_9w,17
-Bhoyo7LL97tgt9Hze0Saw,38
-BjXcRcvDqOQ23eUKx6hjg,1027
-BjiftPB0ZIFL-7OzE7Xgw,43
-Bl2AA2Ujp1EBp0hEw6sIA,354
-BlhrfAM9jUF0nTMd_2FTQ,8
-BljPVosg2GY5YH5OrYzPw,9
-Bmj57EnUH2MsXRnJCG95g,29
-Bsw0AjWemVa8D_7g7-9Kg,91
-Bu-aR0R7vtEwoouiLt3jQ,52
-BuX4SXTqoidLl-H-FUH9g,836
-BvpRtFulI1rUkXEOXX3Tg,154
-BwA9H1r-t3vn0yVfCfYGQ,6
-BzW8aCGAQp4M5fnNGD0PA,1
-C-b1o5k85Er9EH44CjjcA,6
-C0DXAsxofWlGIcY1y-edQ,31
-C0I0bSrWz2pO_FHhvt4uQ,35
-C3MyZBUSR75wKE8RIkGAQ,6
-C3uMHgUbV0LxV0rJ7z6EQ,55
-CC4GaKGzXH8PmjhBfx6Pw,8
-CFbp2G4bW67yQd8hOmKNQ,86
-CGp5Ix4u_Mt45nrWvHSaQ,3
-CIZAVxbJ9RDWl9Xx9kzOg,5
-CJ7NgAqUJir64qeZMsgCg,155
-CJaGFoVnofRPKwl4NJaLg,8
-CLLdRWg2JJ6QUVj33HYNg,38
-CR3TrQNQt16sZ0rqzXa1A,9
-CRjqZ4GxZ6lIa_qMj7-yw,54
-CSlBMC5C7r8n02DLTw6kQ,10
-CT2Fwd917y0eIWMyu9Yag,5
-CTXNz_zxEqh47huMyk1WA,4
-CUxLDv32dbVQm0ji_6dZA,2
-CX8deTmT37DgG20_joBEA,6
-C_5RtXY4iIoztzIYVqMSQ,32
-CbBGlrmddJsaruk6LdI6A,63
-CdD6FRRWFeeNIYklWIK5g,3
-Cf1DZ-2BVEjaGJ55U7GYg,11
-Cf4TdTeHqdk3ZmK9_4p3w,11
-CiuESq1Pb0_x2TGi74oyg,43
-CmqoK12gnomrCA9EhbTpw,8
-CoSh2bjDUFPDPjPe43zXA,49
-CoVlGcw8nOmkp_ASc_DIQ,65
-CoZunWzch6HzMaM34dOEQ,12
-Cof8kRTgMxEESOqBBTE-A,154
-CrtBuQXUJUdyZZiAsNapw,18
-CuCli6mf9k4ReagRzbZbg,7
-CvjeIt8CMUMBRnikhHCDg,536
-CxtqJCjNkUclBiclhfmbA,36
-Cz1zBt_t8CwNKppk3rlTQ,10
-D0kqTtGFpo7ka8KPlUHYQ,49
-D3EniQXfbwk8rZqjWvEaQ,3
-D5XxdkNwCE65dX_aybvog,2
-D5argS_IZ4AL0LYbvXNgQ,11
-D6e48MuV3X_8WovFoOvUQ,20
-D7Vo2CuNfBE-vwsOyVCFg,5
-D8eD37Ahq3SbLBTuGG6Xw,503
-DGsnMlRrR_tv8avrpQLQw,1190
-DHwIpXvOsJFqYuo585eOg,364
-DI-vf2wcsalEH1zuaHmyw,9
-DJNo-yFXyFzzE5OHy7nXA,131
-DJmkn9HGCpCTF9G1ozklw,8
-DLx98kCD0kf8wuBeS_RUg,2
-DXNvQLhKwunHzg8OjkwXA,7
-DXnU-mJlRAz6K-Kmj2sfA,216
-D_3emciINpjvYXsHCf8OA,83
-D_InZvA0lq497RtoNxofw,11
-D_L4GHXJQvy2wv0RkrupA,25
-DcAq3aOYlMTM0vzOIAMMw,77
-DcRlgZdSCM0nQu4w4UI7g,18
-DffuTBxcKochiDa4QKPwQ,8
-Dg2pJigtydnPUUW5XBamQ,307
-Djw71FSC0jMsEFfXQiHCg,1
-DlF6neBa1HKx7aFi3ZxOg,56
-DmrgCX-mgijdP_dY-6Vuw,11
-DnuxdcataKWVrxzGAlj2g,25
-Dr6MZW6ZVP7X6ai30Qrlw,17
-Drxllb26AyLmrklrto52w,3
-DsC3cvCBEy_FNJ7U-i9zg,181
-DumQktH8vwlIiye-HD3-w,10
-DxeodWsu1zuv_4NDvAQaQ,96
-Dz1MEmeOI6YEtJyFuydiA,8
-Dz87D0tz5-E0boR6tQk9Q,28
-E-REn_Rgokr3BkDIoZMgg,52
-E0TZWKHz2y1Z_ZsYqWpag,29
-E2h36etKkz5AbIMaoOYWQ,3
-E5FEJIZdmwV7A1XGdhUeA,59
-EAUflIYeDktN8f7wHpHOg,50
-EEtnHdSUwHEq_oll_BhFw,35
-EGUHD80Yj0_bsBImJCITg,21
-EHrU_DwtX2Jv4NbAMppTA,1761
-EJoKKpWhy8G9R136j-bsA,79
-EKgs6Dl5Ft2Y0bEhYPZgg,1
-ENIvUeumwfMA-c10TYm0w,15
-EO7Peyf4GehtWjBmYrkDw,6
-EOYW4CqbTpsXBiC2Ww8gg,1
-EOlTGHfMPiB7GehuuayJw,542
-ET245ZYhupdwBSwiivFLg,21
-EUDiY3WrnAvDW9QDCNGMw,8
-EXQaHaB8zNpmcCQlfXVNw,4
-EZ84vTWjXnQCeE1-qVuSA,32
-E_abFaS0XdRE4tQopbjFg,37
-EagpVR7BtB0fLun70vg_g,39
-EcU2GI1oaV6kYdMUwgt6A,3
-EcZ6Rf3NZvyhv0RCm7Prw,5
-EfqPXlwRwegck9uNLHadg,1
-EiVVg6mJMzzr13_j8PNog,13
-EoaB87gPD41BM67j1fGCw,10
-Et_AB_ZBMj6EoxE_f5veg,4
-ExvxN1QHx4efMLm6PxJ4A,79
-Eyt2U9zfgp0Kqgj-CjPDg,282
-F-30mTCP0dUr_mm57NxUQ,13
-F-q_KwXJdOLWp5v3wwoqA,9
-F-u1j8QhY-080G84-HYXQ,1
-F04D8Q5oACUCW_zEMkS1A,7
-F7XzFOkZkh_J66oKTRhrw,12
-FGYj3d_J454lAopIVRsWw,1
-FHnftV0XucOTUcPpLftog,28
-FHupA0HcLv3uCGAgK7khQ,31
-FIYPnxsg3kuHXx46zY18w,77
-FKVxYp6GWcQjG8t2DC7vw,7
-FM4CxOg4XXmX_Ebky_SiQ,2907
-FMI0_EhMjwXaAgHVGuG2Q,402
-FPHImCrh555pkxNetpreA,71
-FQ9DUznwvhX7xH5aERbqw,71
-FRCxjoMJUU3kgm2aAsDwA,35
-FRHYI6doGCjIsXiKHkUqw,177
-FRoQzVedsAKxJdQgMGqmQ,75
-FSNRWP_3twzsH-qliHcZQ,63
-FVjMP72oLEDuiP-8gb2dA,165
-FW5ejFjgXH08xQapUiG5Q,4
-FXxCFnPPya9o5_8wAVSGQ,36
-FYgaeBm9xNhF4_m8bCC0A,43
-FZYb_CFhjOZIVGj1tRB4w,270
-FasKNAqishyfjAarVgJtw,567
-FbTCbFUAE61n9bwdfsFIw,38
-FeeEqYmAJ00G66ngdxFZg,2
-Fj5RVRiaUiMzaPGrfXNuQ,8
-Fka99c-tJ-epWYNIobqyQ,283
-FlSjORFdUUo1WMKeh9h5Q,31
-Fm05tmJz_10qOkL6JAsmw,344
-FplUfMbM6YNKtwppNddxQ,70
-FrJ1Y-s31IQkqnbajBHaA,56
-G-AmoSpz6wFU85dmglirQ,10
-G-p49zYwol8Sw9GP931VQ,32
-G0iVQaYvpZETVKwPVdR9A,12
-G2E_TAWXZehcQBirPGwZw,26
-G2G-h_TjNLXzI5FCbaqQA,4
-G570D797nD3NUOePceECw,10
-G5liTW1KYlP3fQ6ihWXag,1
-G7YeROvvC0z5qAnQGmSPQ,4
-GB_KiOOFoGdW09uuarqjQ,131
-GBnj__a2GK79p_bAKyvkQ,33
-GFJfMFzOi1p0QS_1QiIIA,3
-GJCEanNnPvwW5YggyECow,194
-GJN01qCjGgnNBTbZexNpQ,25
-GLapzja21a5YL98C7Zxxg,17
-GfCU3f2UqupobhRd0d5og,63
-Gg-_RZTUItml37klrTXoA,2
-Gj2Qo-iQxRgppM-no0bdQ,2
-GqJOzN8AxFnkqSuvzmPtQ,4
-GrNTC-lK9s6aTknOBBVMw,6
-GrZLv8ndQI_veTbVEx2dg,6
-GszoY1yKtr_1g8Lg-IT6w,9
-GvA6iekqOACGodgLYiMKA,113
-Gvzq9_6pulzU5y0HFg7IA,1636
-Gx5W9lIcD2UDcwLJ6S0Fg,22
-Gy7yBHvRZK64jNxYYJWWA,228
-H-El0POa4KEtmyDD4QvtA,8
-H-fZonTLitwHFY_PLAIjA,218
-H2P_GjJWy5sFZ5j22HH8w,17
-H5SGViN4TRLMvbmrLmE2w,2
-H5v2-mADBj8_n2yeACjLA,193
-H6a4mIT5GbQiiWZz2luOw,6
-H6s1c2NRic5UKxXqi4FdQ,5
-H8ryT3wGAoHMa9NeZ4tNQ,382
-HAbh27Q0__3WV7c_WGJwg,31
-HFXvEB8mBf7jZRd2on-zA,3
-HHBEjgo257YRvix8an2yg,7
-HKd0EkR6Sf9dRWnq9YjhA,1
-HL8513QTgQ50vWjtg2Dyg,18
-HLxwse1EfslUhvKsGDk_w,44
-HMqisHgmwr4k8zwT3tp5Q,184
-HMt-jXxUNBIkO8IUOtE-g,106
-HPQAylabtzueY4Hxm2NSA,2
-HPx2qKK5EDSltrtd1s2rg,75
-HQhp8VBzgSp-epyqrr0Sw,2
-HSWvV_IvXtMFzApwjF6YQ,282
-HTra3AbYlsjx1VIlsIJbw,165
-HUDQ5eek6Edz3zuNrE4jw,168
-HWc5-NQLKBIIlBcDMfKCw,12
-HYaI3Iuew_fFrT4OwrN1g,500
-Hb0Fipcw777R8cSARnA6Q,1
-HbvKXJ7yMsOefB6SHd3KA,124
-HcABf2Y81fglisWWXPYdQ,273
-HewctWQ0P3HqKCr76bU-g,198
-Hg66dRkB068suCcwLxsYQ,3
-HjH9XFJ8lS5Mq-uTsR4OQ,545
-HlTwWdzyN7Ec1xTjntfog,1
-HoCrhW2f7610NWGDemnjw,47
-HqhsXMw-B_BFbxp0vcpKA,25
-Hqjs2BeJa4THOTmnO7Xiw,60
-HruUqz4jdxa2Saw_WGoXg,55
-HxLFWKVgXSU8JlR21PBkg,4
-Hy4ZQeR6wDeVRyT7cWBJQ,39
-HzXFJN1wA4q-Tt1g9FvVw,28
-I6kYJze5to1AISg9i30-w,113
-I7M6l0h46VdiN09Y1NUZw,533
-I8rPwW2mH-pxMeyk22f7g,29
-ICXSJvzmjq0yKdI3xkBfQ,1
-IEIG_vEijEESseR_XCZvQ,3
-IHmqXaIj9L6gfJUoyAB3w,3
-IK7h535SU1xupQw9sB_fg,6
-IOWVdmqsfd02_G-nJACdQ,77
-IQsXtexaUmIfSBkhBZrKQ,116
-IRJAg0tkspFukxKY87TBA,9
-IRVgUyGuS6PIlT9L3Nfzw,25
-IVVkCDU6E-WOBJvt9FveQ,18
-IZjxag2sgJSWWzbV-2JkA,45
-IZpkWsJKfq35eJLzaUcvA,199
-I_MttjEEbECi1Zjs12hJA,9
-IabZS0yj6jdb4f4FnKu6w,76
-Ic14RyGFVPpLNgccG27Pg,2
-If0ps0QhOLCYVWQWs9RYg,335
-Ift1JqUpnOF_90fpcBg5Q,9
-Ijm5ICZUZffTo3iumczrw,17
-InGmp9zoHJztgn7_QeM2w,4
-Is2hkDjuguxmahjh8Spjw,30
-Isbi5itk9FsJNwlZoFrjQ,21
-IuLwlpeFgIg35S5y2kf6w,7
-IvBAqkaQcDt-fj-KhOFpQ,587
-Ivxg9G5OM06u3cVVfYZrw,7
-Iwzp-1JyrQFUOLEmaDavA,246
-IxZMOReWDCJDD-A2N92_Q,271
-IzxhS6VPFVAcqAUBnAZ0Q,1
-J-Ue2JzFqYpu2XdTboMzw,17
-J0RIXNexJDV-mOAyhUJIQ,86
-J0tPzkwPnyulSBE_s863Q,175
-J2jdESTpkDW183YbKOPig,3
-J3JwamIZpS1giOMQENTPQ,4
-J4eKzocSBTuCROkPoXD8Q,1
-J5blpzmnpQZpmb85pWAZw,32
-J8kOPi0uJ0WWL4G5RsMig,1
-JAwNIEJoDXmdE_8sS_BJQ,360
-JGkEsPcn-hoFspX1reyoA,12
-JIeZE7f926mnRNcdnYk6Q,831
-JOrzSX3mopn9lId-vIVog,135
-JPtuF_UEDno3F7ecmPTQA,45
-JQ1rpmdOE8rEla2RDlFaQ,6
-JQ5oIOsKcz6SmnHhxmcDg,2
-JQ6tBgz-YUD5HjJXIRKYg,62
-JStjL-8mRZq4ov4uI1FaQ,50
-JTaRyx51NmieK0HboeCdg,2
-JWVHrc63I-3KXOGxWYWlA,7
-JYqS0qZFo1ObGR4tO4n-w,27
-J_HhUwt5pPiHRNf_m7rHw,202
-JcR5G5KJOBQT1uSi3hjTA,2
-JcSG0yNk06hpNWagOKj9g,22
-JgPJ7mh3HAMwSEi6sHrRg,146
-Jk0l5vw1vrTRk93gWZPEw,10
-JkiE867GwCUuXFETjba2w,184
-JpnQBGy8daXKvMvtjto2w,98
-JvB2PUfqNRjJZRgRpvWGg,32
-Jx4CvmKL84niPDlnuMNsw,56
-K0LoSCfh8i5U_y53Krepg,4955
-K0zTgGyxo-AeSkcV0IVaA,263
-K1tIJOQ9bjNCelVN7aWxQ,190
-K2Gmr6UXxsBdH7Ep6oDBg,21
-K3s08plNAq6moEBI7D-Zg,21
-K80PQ45I5AeYWSCcEcy6g,2
-KBnl8w0FQGhC0-51Rk8Aw,3
-KF7ehdZ-fDv8nK40IEwjw,125
-KJuzqptSAbZtTRgcyFduQ,354
-KNgMklrxgRX2-T6xXeTZA,185
-KOhGcjGacROvaXO81rZvw,12
-KQsS-zouGNa6qczrzO0Ew,25
-KUu_Rl4UepNCIyWTJYbow,8
-KUzTVGPIaI6K3gjCVm5aA,6
-KWel73upKHxstRCr9JGLw,237
-KZYM4PWprIdtF_BaVCRhw,19
-KZwzYMLpSMZw7JOY1h5yA,57
-K_FDDqmOt6hJLTOPgpnlA,75
-KdeX92-JV2K8GWbAxVj2w,270
-KgOEg5ptVVJBSvhHXXkBw,56
-KgtXG8p6sPSuv2GmOJv8Q,4
-KhT2eqHZUj-Sqz3xkt-kw,346
-KhVG1S_44oaj3AjSW_UmA,12
-Khy_h5lLuhzCts3c318_g,41
-Kisb17pdztyIHZvGPSvbg,176
-KkjxrnO9gNCErXYGcqNaQ,8
-KmM4LIlpY-XFG41DJTOSw,29
-KncfNxXHo2DA46fR39K5w,6
-KoF5X8toS6VBY3DvNeuDA,3
-KoHVH7Iorlv1ql0PZgmmg,17
-KrA9kWA0HNhh0OSaGA8xw,4
-Kro8CtHkk9Ge9MMDK8t7g,36
-KugJyLmuTECAE121jsCkg,7
-KyQ_Bu21JNphNtxz-Jj-g,463
-L3E_h6OUJ7kRW2EDMFESQ,5
-L4ZVlzmrVKCs6F7ucgikA,7
-L5iVTpNRykes5nN86khFg,25
-L6-i01urBBay-aXkPwmUw,10
-L6QwGtnjdW2VKnYHuu7lA,186
-L70iK2xSuBo1zsS9NP_Wg,7
-LA43tgCUKqAX4ws4cIz6g,65
-LGBQWPNa247AwbcpjzNKA,1
-LH1mCYZYzxuqU90vemZDg,1
-LI-pZMk96s4VqGwIU1dNg,15
-LMoWiT_tnscUgj81T-sBg,3
-LNcgHYLXcO7greCh81kpg,11
-LV84NpVQaSpnckb7DDO0Q,69
-La6DOoGC7k_2FcIde-LTw,2
-LaT5KJ91Gok4yhgWZoAsw,4
-Laxqy_xe75r1onAt9XNaQ,1
-Lc_gmHMHF52p36MfiB8xw,32
-Lfib0jjHweCly1-FLM_og,58
-LgWuUKKPhwp0wr6qJ0DAA,56
-LiECrK7Cunuy0RAaKVmhQ,3
-Ll6x0_5Fr_bA72f7u4ngg,3
-LmhsdQproqCf5EQoD06rQ,4
-Lnbw5b66ThauhOQte2Cmg,144
-LoVysdztSNMiUeHCw8Ldg,1
-LoqS47uKarX-tn5PXgWYQ,5
-LpG-lx52Mjp7jyJ8YZHZQ,18
-Lwq2vdrQolANLzEbYMPpQ,39
-Lz1eG1xyHk634wVzBD83g,28
-M00KeFjJyxiPZcXbmbTHw,104
-M21d-vRVRaTyVywy8x-Ag,36
-M7S_j79LiunqsLs1siEmQ,34
-M7aI9P2XG79_E0c3sN7gQ,186
-M7wzxpUsdSkQd9PDGsJWA,106
-M9uwwh6jHbzjHOm2N5fHg,11
-MHTa4ClIg83KKZpFARsSw,435
-MRIqsJEm2v5DJtcMtekCQ,10
-MRgqfCoHgUNdvszLRgDcw,199
-MXWHvyw73IDWzIrpGqkpA,3
-McT2dWG_uKAEkyVqZaUOw,6
-Mhf-oRV5HcckZ2wjR9ZaA,10
-Mig1TcxvFWREy-pfx7rZQ,43
-MkbxKBjGEqFIkckdkyMtg,8
-MkngKKkTIVfnUbq2S1ucQ,20
-MnKKFnVjphA-yUzIMv0ew,46
-Mo06YDZmfDbPHfZ8auGPA,10
-MpXo24qYu4DazQXDrs2oA,20
-MqloFCBP89OWko_A6i1_A,16
-Mv885wiVkF5LByWUo-XjA,7
-MwKwvY0gG3GyR5ymxsLNQ,22
-N1WjsJUama2LpA668ctbA,29
-N40b-E_H4KjfIvz-Hvd4g,6
-N4g2zaKpILmyiUO9qi8IQ,7
-N9ysCcO-ekOMlwidbn0FA,117
-NAHnlhfIW_e1EOS59maxA,10
-NBNpfXO_WlUJFprqDtcSg,571
-NEnqpPWCwiK3P_KkTFgeA,307
-NFHQ0ePNYu6SrwekdhcBw,15
-NF_wBObzf5IdLzWyea7XA,36
-NG3pA9LEXCxt0Fjd_aYYA,16
-NH2sUTm3EJsbBEHdA4BSg,16
-NKdUBXCNTuGx17cHJRr4A,20
-NQgfwpVyvDlA7pmmeNwrg,3
-NSoqWG0CJ6peD2Zg3hBdA,42
-NXRuUsazxXZZ_OHwmtYtw,501
-NZAlu3TfzLLR_VUe6U3kQ,122
-NcOafeJBugr-Al5L1vMWA,5
-NehG9emqaFZTgCaZ77kkg,12
-Nf2K8OmZ3OaApWamQHrbw,159
-NfDXOlIoQtzA_V2Xhh4QQ,22
-NfrBXk-siDPF_m-l1fr2A,6
-NuWarXhdx2-InrnN7QSVQ,20
-NujuNgOnQA2cMZogNIJnw,6
-NvYIxTY2R3vzzSmvRKVLQ,91
-NytUJ0yYOT-LniQtqXtHQ,22
-O-j-LQ4yNAjQRRT37Xjow,10
-O4VkRsc7V8iNaf0tjIzbQ,13
-O4XZLqMJy9FmX-nVkl1-A,2
-O5C68uEPWMj0Jn5tvgVaQ,83
-O6zuYtx-bMz41rG0jn-5Q,53
-ODKTf6sVBn3i-M08NDHlQ,127
-OI4di8RMqW1A0fZYqqIMg,6
-OIUunijjcq_ZzyyQhPPFQ,533
-OK57EcNq9qIaljdIDopHA,48
-OKB11ypR4C8wWlonBFIGw,4849
-ONBja1I0ePL7-yxCefYSg,47
-OPBG2cRwGxa2dlchfVdjQ,71
-OPowcQMNgdjzofWhD9uvw,5
-OTO2bE_XwaDETT6GBehRg,4
-OWsJkkKmcMA8ecGLSUg7w,612
-OX0MJDPRHV0RCRvwYnvBQ,394
-OXgcqMlrb4aS1FyIX1mKA,3
-OZ5D_XbaqkXcmZaLx0Dcg,20
-OZlNh1DNnApy6z8cYFLRg,6
-O_IkEBfG-63san1Pwg2Tg,15
-O_fh3A0IdvR_sg--mmoPQ,29
-Oc3gtgcrsApbBPCUoA4rg,129
-OdMe4WXmGGIPEoSTM8C9Q,212
-OffMC_1lTuedMvULJJ7Bg,20
-OiijBFbTHDPJ1z3AqTqaQ,2
-Om8XgP9GZ4UUFbgTRI4YQ,215
-OmKadmtgMAOwjmtTaaATQ,9
-Oo0GyUx-1il_j6AYmFYRg,38
-Or-MxCq4VYBAn2NiSbCHQ,1
-Or44IdY51Ukd618kikmtA,840
-Ot1Qa0V3wNVUroZmItMyQ,35
-OvV-g7pAx7dhVlPU4D4Tg,7
-OwQecRCT2YZu_T6tMUZMA,12
-OxEfm9dsum2ooTUyR2uHA,142
-Oyqj-TMk459HQuDzTzZ2w,19
-OywDzU38aCQOYWzp-uKfQ,15
-Oz_bKGHBo0TYlemllQvoQ,15
-OzaMU-YDpo2OTFTVk_cSw,4
-OzvKV3hZzpANLUzpA8E3g,17
-P-B3kK1o7q8GeTZp1IWIw,5
-P-pHBN0NA3cE3jjvA2jbg,75
-P008_MriBRX7JjdMLAK7w,2
-P0cVKNzgqsqBsKkwngvpA,8
-P1KJVrfiVncC3xka4GDoQ,533
-P4wyB0ncCDoKNpPM3OEkg,5
-P6TzxVyvvsLJs4O3E6DcA,44
-P7CxFXqAyZ7_ep4r4W-Zg,483
-P9cbmPWOeUK8qJJAbcD-g,4
-PAlQKDKFnvBhE8rBX4Dqw,3
-PFZiUpnk6DKtz2PpeFbHQ,4
-PFgtVqCuNArh04mVnkxjw,424
-PGe8XbKh-vXkr57GKNEAw,8
-PHMBu7ig7rQrs0HavxYAg,39
-PIFRwZ5hF6ZlGjqvmHvUQ,36
-PJOzGHCCQdv6NjguqZgDg,22
-PKjA_-bWOD0zj2SPH3ZLA,267
-PMXnNJ1D67NkAupRHNkpQ,88
-PNRUU1s0BNFu2NRaaIimg,4
-POGfk-IagdVdO8Q3emdGQ,6
-PQlbIJ0ShH_aRVgzvBWgw,52
-PSnlsTBF0eEsjyJTemvuQ,14
-PTWFicakClBDK-zyQ5hjA,155
-PU5on8H21jZOqSXCmxLJQ,39
-PWMFYv5BtxukEY8DMlIRg,23
-PcEFNuOL3t41WkWVJzneQ,1
-PdKnENBZrbP81cqrB5zrg,34
-Pd_tj2g-SGmOeVy718PPA,13
-PkchovDBosOtZx4XLatVw,19
-PmTpU2fJwW12jIuj5HXyg,2275
-Pq_I1Dqc7W0xf3A6SJTpQ,93
-PqeUUIN8Qgqhv5KMiRfHA,31
-PsLkk0dDWw9vWEs4be9Jw,14
-PuFGEYEx1wPjqoxfE_k4Q,35
-PvUiRhg9Nuy0l_dJX-IfA,22
-Py1Ry6hbmMznYq2ZNB5-Q,13
-Q2dCZhctZpmS03jFQKhtg,1
-Q32uZ1kdfhd9-KgTATx-A,15
-Q5QwYaQmg_AQ6N6yUk4Pg,5
-Q5TQJ33mXMfzVOSfd2lFg,27
-Q907y-mgLRlUN5Nb5Xygw,61
-Q99xmgUqlJ38jdUNOiYLw,30
-Q9gvLmYlv68lT9Z2kH09g,7
-Q9l-6rQpExmerxk3BMahA,44
-QCQLozMUC2iqCeYuPi06Q,1
-QG6KSRQKTQ80--wqrnLTg,42
-QI8Qi8XWH3D8y8ethnajA,52144
-QP2hZmYtQh-UFUA4llVVg,16
-QRcr42MLqbSbAzXstD_WQ,2
-QW-w0sgpjn9d6kADhk-cA,67
-QbKo-L0oRtGDX8usj75Dw,16
-QbbFXdiWQb2vKaDIky4Pw,90
-QdmnLQrSOPuuzwGbW-dxA,1
-QiXa-Cuoug5TSTImGCYGA,32
-QmdKVHCKxbyZJ5JgKFQNw,39
-QpOMNkeWrohNUejOt1inQ,26
-QpRF-N2_Pga52VgNMipNA,52
-QqxJ3oIczVKt1inXYlR1g,99
-Qt0Xdu3O9PxQDw4toiViA,2
-Qtin7kMlBB-UAOIvUIP9A,1
-QvV4HrMXMA8fJxCWJOFBA,27
-QwHN9KoluPcA0YFllwFYQ,7
-QzPPYAiDEw1eK8wQGMeQg,13
-R-bYaQ2FTGbAWlDSA9UEw,27
-R2w_cB1_nA9ZrgvP2PkUw,55
-R3PWE4ycIc-xElcPqqetw,30
-R3kduqdMdxs1EBL-fumIA,95
-R8qYNbQq8g1abR5IpGgWw,6
-R9t30RvsG-Rtiq63yuEmg,94
-RAmM4yPC2lgRWRkTA_gxw,42
-RB6uWNiV-Ili1mu_tapgQ,17
-RCy49doG-2XARGzr9Do5Q,135
-REf-5TNcddHiFo6KYBaaw,5
-RGQ1876a50Xx4lO2epFGg,35
-RIsIJJw3cx98ba8BiWI6Q,124
-RJfiKv_UsYol83dkfqpHQ,2
-RLJlk68dmL--ff0lsP0JQ,28
-ROSzYrwrVEJjz_2-v2wKQ,34
-RQonzDENNng8tXzukUUww,16
-RS_7SU42foCTItx4f3C6A,20
-RTt80DuWTB_ZdPS0lZmsw,26
-RUdfNAuUs-G8m5urhnvvA,19
-RV8fLn8mcdLi15c5eQjeg,1
-RWaEQ6EiaDs5rB_jFWzpQ,2
-RZEK75brNtAA6QmDU365g,26
-R_Iq2rBvO9oTcZN5Ex6XQ,37
-RcCv4oCeDb49qnBGZgjgg,85
-RckAAIJ-_KH0AzqrekYuw,64
-RkGrQUxlwgaR5By4p2tAQ,26
-Rmnq6whZM-ZTp4QjiXmUQ,3
-Rmxzme0KxjvRG45p4gqlA,104
-Rn6U-ySYo_Lx9vCgDSooA,45
-RnQYU9nSpzof1yGDiTR2w,6
-RpUSbVtSGO9LZwMzGogww,15
-RqhN7_aKNLiVqnUmx7iig,27
-Rxzg3Iekz9NBXLTehOSEw,1
-RzbRfPnKcwTixtokN-p6A,4
-S-ZUeDZW6_2If773VrNOw,14
-S9sA-xW1nz7IOxXx0vHQQ,8
-SCIBOTjKGJXmeMMPi-uoQ,10
-SEIjzWcRg49Eloagyqywg,84
-SEU6rdhRihUxmPYQIPoeA,6
-SFSt3FkjGfavnyMpHsZPA,9
-SGvS9V0Yc5Ler2HrgtYJw,61
-SHVMQDi7A_095sDzARNnw,37
-SHyhef2yNmj9mlnC_htGg,19
-SKqEe8lzJOxJbZjcALFgw,11
-SL4pxguo0YQlEcOFZLEGQ,290
-SLTT98aGW7KoEjMxWlcKg,90
-SLwUeAPPU7L98uDOceWxg,1
-SM8Zc1_Yn3BdK2CCbAxdA,8
-SP57kb0YH5OVygMepc-mg,24
-SQ7N9P7LjZ0Th0GmXNDNw,33
-SQjHJMSDQFKjSo_La5srQ,2
-SQnHz6BmXHUlFWzBvH3bA,29
-SQv9Kit89XgEik-Rd_5yg,67
-SS3ep20HKhuOhzDkkt9aA,323
-SWVDAXw1i-VyuUY-XD6FA,105
-SXjqvZFgKTodqQ7ek30oQ,2
-SZ-p4o6gJPOJ--HA3NKcw,490
-SZsZMvsCvgeEOKCMBLmvQ,60
-S_B3PbeFbT0dPpqd0zQEw,5
-SbCPB1xeis3Cyrx743Waw,1
-Sdreg0S1yDmfRCyjWZTWQ,17
-Sg5iry-bQHohFjbowjwUA,6
-SgBPXjleGQqruChlFE03w,26
-SgaUYY_hxJqPIo_VXsMPA,4
-SguV7aNlTXbsdkyJI4baw,313
-ShzgoeH2nvGG_TlNfMz2w,72
-SkwJp45TBbqxYzuYHcerA,6
-SoQAx-REDcD31RNpRhbFg,10
-Sp511jqTCpn3d6NwVz69g,101
-Sp5eq4qRzg_OtXqeb3Gcw,10
-SrM3yq5yBBnZGn9Gtm7rA,1
-Ssuh_iWh-VEcqRLAK-grQ,2
-SyZFk1jVIsyZbJ3QvbEmA,3
-SycURFqf-UfHrMMGCLR7A,26
-T-TuWy5Kv72WEwwN-i2lg,3
-T-hEoNi7KRHtKEUWeckUw,48
-T1sYi2cqB2oW4GeUXmIBQ,294
-T2221hiXtMFXkNXPAcVCA,7
-T46yskrFsLdzc3FYFS_4w,2
-T5SfUI_QqgBrkq4D8Jn7w,782
-T6z1weFkH1XAmDWU3tgdw,2
-T717fX7IAWVdCI1nnMHFw,5
-T7DOQMC_XmMn80ugBL_6A,19
-T8KkU584VcM-zIB1iRKaQ,2
-TArOdux8Z4oH-jIM1FJuQ,436
-TCa3KBib07_1ko9L2Z0fQ,45
-THauPUGjEYdwUAne95wWg,132
-TItgaP5oOYLDb8q5ILxeQ,96
-TOH0kmSwfAbPckNx0BBgw,24
-TRXiliBZ2O2_BKyKQ32HA,63
-TSPsir3LSLO9vVBkvkqUw,539
-TTYvZ6HvJESApv1drFgkA,3
-TTt6Cxzo7eS7hnI2P5Urw,46
-TW-0EqgnzUNHzV9VPSLoQ,6
-TXzt6mq9ZgAeMpBr19qPQ,1
-TZgzh-CIUQuPCSopuvXgA,23
-T_lkOvaK39R-Ufg6VUyxg,691
-Tbn8E_F6FUPunNOlR-rCw,23
-TboXPMTf45s24FPyD8OAA,124
-TcixRtn5X3s9UUcs0lYvA,230
-TczrbbjQKfoNGCeNXcurg,9
-TdNv5o5J2JjTmIuAbIWzw,3
-TgNuaotu3vobBRt5KyiVw,19
-Thb5brv1ARwIa0j5HHBeA,11
-Ti5pwj6mA99khsxxur8aQ,82
